,CustomerID,Age,Gender,Tenure,MonthlyCharges,ContractType,InternetService,TotalCharges,TechSupport,Churn
0,1,49,0,4,88.35,Month-to-Month,Fiber Optic,353.4,Yes,1
1,2,43,0,0,36.67,Month-to-Month,Fiber Optic,0.0,Yes,1
2,3,51,1,2,63.79,Month-to-Month,Fiber Optic,127.58,No,1
3,4,60,1,8,102.34,One-Year,DSL,818.72,Yes,1
4,5,42,0,32,69.01,Month-to-Month,,2208.32,No,1
5,6,42,1,16,119.75,Two-Year,DSL,1916.0,Yes,1
6,7,60,0,14,80.32,One-Year,,1124.48,No,1
7,8,52,1,6,58.9,One-Year,,353.4,No,1
8,9,40,1,53,49.81,Two-Year,Fiber Optic,2639.9300000000003,Yes,0
9,10,50,1,10,61.55,Month-to-Month,Fiber Optic,615.5,Yes,1
10,11,40,1,1,63.53,Month-to-Month,Fiber Optic,63.53,Yes,1
11,12,40,1,19,36.18,One-Year,Fiber Optic,687.42,Yes,0
12,13,47,0,2,63.26,Two-Year,,126.52,No,1
13,14,25,1,8,71.78,One-Year,,574.24,No,1
14,15,27,0,14,95.05,Month-to-Month,Fiber Optic,1330.7,Yes,1
15,16,39,1,41,89.11,Two-Year,Fiber Optic,3653.51,Yes,0
16,17,34,1,13,93.79,Month-to-Month,,1219.27,No,1
17,18,48,1,24,30.75,Two-Year,,738.0,No,1
18,19,35,0,98,49.59,Two-Year,Fiber Optic,4859.820000000001,Yes,0
19,20,30,1,2,89.55,Month-to-Month,Fiber Optic,179.1,No,1
20,21,59,1,6,73.56,One-Year,DSL,441.36,No,1
21,22,42,1,10,30.48,Month-to-Month,,304.8,No,1
22,23,45,0,10,102.4,Month-to-Month,DSL,1024.0,Yes,1
23,24,30,0,10,99.55,One-Year,Fiber Optic,995.5,Yes,1
24,25,39,0,47,79.36,One-Year,DSL,3729.92,Yes,0
25,26,46,0,25,35.98,Two-Year,DSL,899.4999999999999,Yes,0
26,27,33,1,18,98.99,One-Year,Fiber Optic,1781.82,Yes,0
27,28,48,0,7,82.53,Month-to-Month,,577.71,No,1
28,29,38,1,34,100.38,Two-Year,DSL,3412.92,Yes,1
29,30,42,0,62,97.66,Two-Year,Fiber Optic,6054.92,Yes,0
30,31,38,0,34,102.27,Month-to-Month,DSL,3477.18,No,1
31,32,63,1,0,76.62,Two-Year,DSL,0.0,Yes,1
32,33,44,1,20,42.63,Month-to-Month,Fiber Optic,852.6,Yes,1
33,34,34,1,1,90.4,Two-Year,Fiber Optic,90.4,Yes,1
34,35,53,1,5,85.84,Month-to-Month,DSL,429.2000000000001,Yes,1
35,36,32,1,1,96.8,Month-to-Month,Fiber Optic,96.8,No,1
36,37,47,0,18,45.29,Month-to-Month,DSL,815.22,Yes,1
37,38,25,1,23,47.55,One-Year,Fiber Optic,1093.65,Yes,0
38,39,31,1,2,110.14,Month-to-Month,,220.28,No,1
39,40,46,1,9,97.5,Month-to-Month,,877.5,No,1
40,41,52,0,12,111.74,One-Year,Fiber Optic,1340.88,Yes,1
41,42,46,1,9,98.28,Two-Year,Fiber Optic,884.52,Yes,1
42,43,43,0,2,83.74,Month-to-Month,,167.48,No,1
43,44,41,0,10,88.87,Month-to-Month,DSL,888.7,Yes,1
44,45,30,0,27,110.02,Month-to-Month,,2970.54,No,1
45,46,37,0,1,82.09,Month-to-Month,,82.09,No,1
46,47,40,1,1,86.92,Two-Year,DSL,86.92,Yes,1
47,48,55,1,8,44.08,Two-Year,DSL,352.64,No,1
48,49,48,1,56,72.65,One-Year,,4068.400000000001,No,1
49,50,27,0,22,94.48,Month-to-Month,Fiber Optic,2078.56,Yes,1
50,51,48,0,22,54.38,One-Year,DSL,1196.36,Yes,0
51,52,41,0,8,48.2,One-Year,DSL,385.6,No,1
52,53,38,1,18,58.24,Two-Year,Fiber Optic,1048.32,Yes,0
53,54,51,0,0,51.74,One-Year,Fiber Optic,0.0,No,1
54,55,55,1,20,49.34,One-Year,,986.8,No,1
55,56,54,1,48,68.24,One-Year,,3275.5199999999995,No,1
56,57,36,0,18,111.71,Month-to-Month,DSL,2010.78,Yes,1
57,58,41,1,41,75.64,Two-Year,Fiber Optic,3101.24,Yes,0
58,59,48,1,25,46.91,One-Year,Fiber Optic,1172.75,No,1
59,60,54,1,2,36.93,One-Year,Fiber Optic,73.86,No,1
60,61,40,1,46,92.65,Month-to-Month,DSL,4261.900000000001,Yes,1
61,62,43,0,1,64.45,One-Year,,64.45,No,1
62,63,33,0,15,103.96,One-Year,,1559.4,No,1
63,64,33,1,3,89.36,Month-to-Month,Fiber Optic,268.08,Yes,1
64,65,53,1,0,101.66,Month-to-Month,Fiber Optic,0.0,Yes,1
65,66,58,0,10,54.48,One-Year,DSL,544.8,Yes,1
66,67,44,1,6,92.31,One-Year,Fiber Optic,553.86,Yes,1
67,68,55,1,13,53.77,One-Year,Fiber Optic,699.01,Yes,0
68,69,48,1,17,114.52,Month-to-Month,Fiber Optic,1946.84,Yes,1
69,70,38,0,0,87.27,One-Year,,0.0,No,1
70,71,48,1,2,59.21,Month-to-Month,Fiber Optic,118.42,Yes,1
71,72,60,1,16,54.26,Month-to-Month,Fiber Optic,868.16,Yes,1
72,73,44,0,8,47.18,Month-to-Month,,377.44,No,1
73,74,60,0,26,92.52,Month-to-Month,DSL,2405.52,No,1
74,75,18,1,21,49.68,Month-to-Month,Fiber Optic,1043.28,Yes,1
75,76,53,0,37,83.58,Month-to-Month,Fiber Optic,3092.46,Yes,1
76,77,45,1,23,53.82,Month-to-Month,Fiber Optic,1237.86,No,1
77,78,42,1,11,89.58,Month-to-Month,,985.38,No,1
78,79,45,0,22,103.34,One-Year,Fiber Optic,2273.48,Yes,1
79,80,25,1,6,100.02,Month-to-Month,,600.12,No,1
80,81,42,0,7,98.48,Month-to-Month,Fiber Optic,689.36,No,1
81,82,48,1,31,46.9,Two-Year,Fiber Optic,1453.9,No,1
82,83,59,0,11,37.95,Month-to-Month,,417.4500000000001,No,1
83,84,39,1,32,92.91,One-Year,DSL,2973.12,No,1
84,85,36,0,34,63.15,Month-to-Month,DSL,2147.1,Yes,1
85,86,39,0,38,68.91,Month-to-Month,Fiber Optic,2618.58,Yes,1
86,87,54,1,49,32.8,One-Year,DSL,1607.1999999999998,Yes,0
87,88,48,0,11,53.36,One-Year,DSL,586.96,Yes,1
88,89,39,1,7,33.03,Two-Year,Fiber Optic,231.21,Yes,1
89,90,50,0,17,109.13,One-Year,Fiber Optic,1855.21,Yes,1
90,91,45,1,9,51.91,Two-Year,Fiber Optic,467.19,Yes,1
91,92,54,0,18,80.16,Month-to-Month,,1442.88,No,1
92,93,37,1,24,33.51,Month-to-Month,Fiber Optic,804.24,Yes,1
93,94,41,0,23,90.02,Month-to-Month,,2070.46,No,1
94,95,41,0,9,59.07,Month-to-Month,DSL,531.63,Yes,1
95,96,30,0,3,110.81,One-Year,Fiber Optic,332.43,Yes,1
96,97,47,0,11,109.93,One-Year,,1209.23,No,1
97,98,47,1,3,59.28,Month-to-Month,Fiber Optic,177.84,Yes,1
98,99,45,0,44,111.09,Two-Year,,4887.96,No,1
99,100,42,1,8,119.65,Two-Year,Fiber Optic,957.2,Yes,1
100,101,30,0,3,104.29,Month-to-Month,DSL,312.87,Yes,1
101,102,40,0,0,106.04,Month-to-Month,Fiber Optic,0.0,Yes,1
102,103,41,1,20,52.41,Month-to-Month,Fiber Optic,1048.1999999999998,Yes,1
103,104,36,1,20,81.9,Month-to-Month,,1638.0,No,1
104,105,43,0,8,36.05,Month-to-Month,DSL,288.4,Yes,1
105,106,49,0,1,38.54,One-Year,,38.54,No,1
106,107,63,0,10,119.9,Month-to-Month,,1199.0,No,1
107,108,46,1,7,59.4,Month-to-Month,DSL,415.8,No,1
108,109,47,1,22,97.34,Two-Year,Fiber Optic,2141.48,Yes,0
109,110,44,0,18,102.6,One-Year,,1846.8,No,1
110,111,25,1,9,107.22,Two-Year,,964.98,No,1
111,112,44,1,4,119.79,Month-to-Month,Fiber Optic,479.16,Yes,1
112,113,45,1,88,51.73,Month-to-Month,Fiber Optic,4552.24,Yes,1
113,114,69,1,12,33.63,One-Year,Fiber Optic,403.56000000000006,No,1
114,115,43,0,23,67.01,Month-to-Month,Fiber Optic,1541.23,Yes,1
115,116,48,0,3,41.71,Month-to-Month,DSL,125.13,Yes,1
116,117,44,0,13,32.02,One-Year,,416.2600000000001,No,1
117,118,33,0,0,62.44,One-Year,DSL,0.0,Yes,1
118,119,56,1,14,100.54,Month-to-Month,DSL,1407.5600000000002,Yes,1
119,120,52,1,66,80.96,Month-to-Month,Fiber Optic,5343.36,Yes,1
120,121,52,0,9,58.15,Month-to-Month,Fiber Optic,523.35,Yes,1
121,122,35,0,0,88.89,Month-to-Month,Fiber Optic,0.0,No,1
122,123,59,0,0,50.88,Month-to-Month,Fiber Optic,0.0,No,1
123,124,30,1,9,31.29,Month-to-Month,Fiber Optic,281.61,Yes,1
124,125,50,0,3,98.79,Month-to-Month,DSL,296.37,No,1
125,126,66,1,0,86.14,Two-Year,Fiber Optic,0.0,Yes,1
126,127,35,0,28,98.61,One-Year,,2761.08,No,1
127,128,39,0,12,33.5,One-Year,Fiber Optic,402.0,Yes,0
128,129,45,1,6,105.34,Month-to-Month,Fiber Optic,632.04,Yes,1
129,130,39,1,46,85.76,Month-to-Month,Fiber Optic,3944.96,Yes,1
130,131,29,0,2,80.71,Month-to-Month,,161.42,No,1
131,132,45,1,62,86.22,Month-to-Month,DSL,5345.64,No,1
132,133,34,1,7,107.8,Month-to-Month,Fiber Optic,754.6,Yes,1
133,134,49,1,43,82.82,One-Year,,3561.26,No,1
134,135,35,0,18,82.29,One-Year,Fiber Optic,1481.22,No,1
135,136,60,1,35,119.16,One-Year,DSL,4170.599999999999,No,1
136,137,37,1,82,98.11,Month-to-Month,Fiber Optic,8045.019999999999,No,1
137,138,41,1,6,69.81,Two-Year,DSL,418.86,Yes,1
138,139,53,0,64,93.67,Month-to-Month,Fiber Optic,5994.88,No,1
139,140,32,0,9,65.03,Month-to-Month,,585.27,No,1
140,141,47,0,9,50.6,Month-to-Month,DSL,455.4,Yes,1
141,142,58,1,8,83.72,One-Year,,669.76,No,1
142,143,28,0,15,113.54,Two-Year,DSL,1703.1,Yes,1
143,144,46,1,3,113.62,Month-to-Month,,340.86,No,1
144,145,47,1,16,60.77,Two-Year,Fiber Optic,972.32,Yes,0
145,146,52,0,15,77.49,Two-Year,DSL,1162.35,Yes,0
146,147,32,1,28,49.05,Month-to-Month,DSL,1373.4,No,1
147,148,31,0,35,119.61,Month-to-Month,,4186.35,No,1
148,149,50,1,11,118.3,Month-to-Month,DSL,1301.3,Yes,1
149,150,47,0,7,88.46,Two-Year,DSL,619.2199999999999,Yes,1
150,151,47,1,6,102.4,Month-to-Month,Fiber Optic,614.4000000000001,No,1
151,152,48,1,4,94.36,One-Year,Fiber Optic,377.44,Yes,1
152,153,38,1,1,83.38,Month-to-Month,Fiber Optic,83.38,Yes,1
153,154,47,1,8,34.8,One-Year,DSL,278.4,Yes,1
154,155,47,1,6,70.93,Month-to-Month,DSL,425.58,No,1
155,156,37,1,67,90.73,One-Year,DSL,6078.91,No,1
156,157,63,1,16,90.98,Two-Year,DSL,1455.68,Yes,0
157,158,49,1,8,63.58,Two-Year,Fiber Optic,508.64,Yes,1
158,159,33,0,17,114.75,Two-Year,,1950.75,No,1
159,160,51,1,2,45.06,Month-to-Month,DSL,90.12,Yes,1
160,161,35,1,11,75.03,One-Year,Fiber Optic,825.33,Yes,1
161,162,52,1,19,92.18,Month-to-Month,Fiber Optic,1751.42,Yes,1
162,163,56,0,13,92.74,Month-to-Month,,1205.62,No,1
163,164,36,1,10,88.38,One-Year,,883.8,No,1
164,165,54,0,101,54.78,Month-to-Month,,5532.78,No,1
165,166,49,1,42,44.06,One-Year,DSL,1850.52,Yes,0
166,167,53,0,19,87.23,Two-Year,DSL,1657.37,No,1
167,168,63,1,16,83.94,Month-to-Month,Fiber Optic,1343.04,Yes,1
168,169,42,1,19,46.14,One-Year,DSL,876.66,No,1
169,170,37,0,4,93.46,Month-to-Month,Fiber Optic,373.84,Yes,1
170,171,36,1,10,70.97,Month-to-Month,,709.7,No,1
171,172,36,0,0,90.1,Month-to-Month,,0.0,No,1
172,173,44,1,12,105.36,Two-Year,,1264.32,No,1
173,174,48,1,15,45.28,Two-Year,Fiber Optic,679.2,No,1
174,175,47,1,5,31.72,Two-Year,Fiber Optic,158.6,Yes,1
175,176,53,1,66,100.12,Two-Year,Fiber Optic,6607.92,No,1
176,177,45,1,48,84.87,Month-to-Month,DSL,4073.76,Yes,1
177,178,59,0,25,92.97,Month-to-Month,,2324.25,No,1
178,179,42,0,15,105.43,One-Year,DSL,1581.45,No,1
179,180,72,1,40,102.25,Month-to-Month,Fiber Optic,4090.0,No,1
180,181,51,1,2,116.48,Month-to-Month,Fiber Optic,232.96,Yes,1
181,182,36,1,31,78.23,Month-to-Month,Fiber Optic,2425.13,Yes,1
182,183,34,1,2,73.96,One-Year,,147.92,No,1
183,184,49,0,31,66.17,One-Year,Fiber Optic,2051.27,Yes,0
184,185,42,1,6,43.83,Month-to-Month,,262.98,No,1
185,186,52,0,41,81.53,Month-to-Month,DSL,3342.73,Yes,1
186,187,49,1,57,54.93,One-Year,Fiber Optic,3131.01,Yes,0
187,188,44,0,3,112.92,One-Year,,338.76,No,1
188,189,36,0,12,82.49,Month-to-Month,Fiber Optic,989.88,Yes,1
189,190,29,0,79,83.36,One-Year,,6585.44,No,1
190,191,40,0,13,61.94,Month-to-Month,DSL,805.22,No,1
191,192,53,1,39,34.68,Month-to-Month,Fiber Optic,1352.52,Yes,1
192,193,47,0,17,32.86,One-Year,Fiber Optic,558.62,Yes,0
193,194,32,0,9,68.1,One-Year,,612.9,No,1
194,195,46,0,6,37.61,Month-to-Month,DSL,225.66,Yes,1
195,196,48,0,4,84.62,One-Year,,338.48,No,1
196,197,36,0,28,109.29,One-Year,Fiber Optic,3060.1200000000003,Yes,1
197,198,46,0,9,109.46,One-Year,DSL,985.14,Yes,1
198,199,45,1,14,89.31,One-Year,Fiber Optic,1250.34,No,1
199,200,33,1,13,49.01,One-Year,Fiber Optic,637.13,Yes,0
200,201,48,1,17,107.67,Month-to-Month,Fiber Optic,1830.39,Yes,1
201,202,50,0,40,109.75,Month-to-Month,,4390.0,No,1
202,203,55,0,78,47.7,Month-to-Month,Fiber Optic,3720.6,Yes,1
203,204,55,1,10,96.37,Month-to-Month,Fiber Optic,963.7,No,1
204,205,31,1,35,55.79,One-Year,Fiber Optic,1952.65,Yes,0
205,206,35,0,28,102.24,One-Year,DSL,2862.72,Yes,1
206,207,50,0,17,119.75,Month-to-Month,DSL,2035.75,Yes,1
207,208,50,0,62,32.7,Month-to-Month,Fiber Optic,2027.4,Yes,1
208,209,50,0,4,110.76,Month-to-Month,Fiber Optic,443.04,Yes,1
209,210,83,0,2,86.04,Month-to-Month,DSL,172.08,No,1
210,211,50,1,38,117.6,One-Year,Fiber Optic,4468.8,No,1
211,212,56,1,11,71.85,Month-to-Month,Fiber Optic,790.3499999999999,No,1
212,213,54,1,37,106.26,One-Year,DSL,3931.62,No,1
213,214,51,1,44,35.62,Two-Year,Fiber Optic,1567.28,Yes,0
214,215,41,1,1,60.18,Month-to-Month,DSL,60.18,Yes,1
215,216,52,1,42,36.03,Month-to-Month,,1513.26,No,1
216,217,37,1,11,117.78,Month-to-Month,,1295.58,No,1
217,218,42,0,14,103.53,One-Year,,1449.42,No,1
218,219,40,0,19,106.73,One-Year,DSL,2027.87,Yes,1
219,220,45,0,52,114.42,Month-to-Month,,5949.84,No,1
220,221,68,1,0,37.66,One-Year,,0.0,No,1
221,222,26,1,12,64.7,Two-Year,,776.4000000000001,No,1
222,223,51,0,23,36.39,Month-to-Month,DSL,836.97,No,1
223,224,28,1,25,48.97,Month-to-Month,Fiber Optic,1224.25,Yes,1
224,225,40,0,23,50.64,Two-Year,,1164.72,No,1
225,226,55,1,2,72.22,One-Year,Fiber Optic,144.44,Yes,1
226,227,45,0,7,54.17,Two-Year,Fiber Optic,379.19,No,1
227,228,34,0,8,39.09,One-Year,Fiber Optic,312.72,Yes,1
228,229,37,1,32,45.07,Two-Year,Fiber Optic,1442.24,Yes,0
229,230,51,0,6,43.25,Month-to-Month,DSL,259.5,No,1
230,231,37,0,4,117.58,One-Year,Fiber Optic,470.32,Yes,1
231,232,47,0,63,98.34,Two-Year,DSL,6195.42,No,1
232,233,45,1,0,117.1,One-Year,Fiber Optic,0.0,Yes,1
233,234,38,1,122,69.58,Month-to-Month,DSL,8488.76,No,1
234,235,66,0,22,55.05,Month-to-Month,Fiber Optic,1211.1,Yes,1
235,236,51,1,35,101.85,Month-to-Month,DSL,3564.75,No,1
236,237,24,1,6,59.36,Month-to-Month,Fiber Optic,356.16,No,1
237,238,46,0,0,56.94,Month-to-Month,,0.0,No,1
238,239,38,0,26,50.93,One-Year,DSL,1324.18,Yes,0
239,240,53,0,35,41.67,One-Year,DSL,1458.45,Yes,0
240,241,37,0,26,53.08,Month-to-Month,DSL,1380.08,Yes,1
241,242,43,1,3,61.98,One-Year,,185.94,No,1
242,243,50,0,28,90.66,Month-to-Month,Fiber Optic,2538.48,Yes,1
243,244,53,1,29,35.63,Month-to-Month,Fiber Optic,1033.27,Yes,1
244,245,32,1,21,48.95,Month-to-Month,DSL,1027.95,Yes,1
245,246,41,0,29,102.81,One-Year,Fiber Optic,2981.49,No,1
246,247,40,1,37,43.22,Month-to-Month,,1599.14,No,1
247,248,38,0,19,60.84,Month-to-Month,,1155.96,No,1
248,249,62,1,1,107.82,Month-to-Month,Fiber Optic,107.82,Yes,1
249,250,49,1,13,43.94,Two-Year,DSL,571.22,Yes,0
250,251,32,1,1,37.45,Month-to-Month,DSL,37.45,Yes,1
251,252,54,1,10,73.61,One-Year,DSL,736.1,Yes,1
252,253,66,0,10,57.22,One-Year,DSL,572.2,Yes,1
253,254,55,1,1,80.71,One-Year,DSL,80.71,Yes,1
254,255,29,1,8,102.34,Two-Year,DSL,818.72,Yes,1
255,256,40,1,2,42.34,Month-to-Month,Fiber Optic,84.68,Yes,1
256,257,57,1,33,82.26,Month-to-Month,,2714.5800000000004,No,1
257,258,37,1,59,75.5,Two-Year,Fiber Optic,4454.5,Yes,0
258,259,49,0,1,42.97,Month-to-Month,,42.97,No,1
259,260,52,0,62,86.16,One-Year,,5341.92,No,1
260,261,35,1,14,54.63,One-Year,DSL,764.82,Yes,0
261,262,44,0,7,73.91,One-Year,,517.37,No,1
262,263,12,1,1,37.4,Two-Year,DSL,37.4,No,1
263,264,34,1,13,71.36,Two-Year,Fiber Optic,927.68,No,1
264,265,42,0,31,57.58,One-Year,Fiber Optic,1784.98,Yes,0
265,266,32,0,24,104.01,Month-to-Month,,2496.24,No,1
266,267,61,1,1,35.13,Two-Year,DSL,35.13,Yes,1
267,268,30,0,1,67.67,Month-to-Month,DSL,67.67,Yes,1
268,269,40,1,10,71.26,Month-to-Month,,712.6,No,1
269,270,46,0,6,95.25,Two-Year,DSL,571.5,Yes,1
270,271,59,1,5,81.69,Month-to-Month,Fiber Optic,408.45,Yes,1
271,272,30,0,6,90.05,Month-to-Month,,540.3,No,1
272,273,56,1,32,99.93,Month-to-Month,,3197.76,No,1
273,274,45,0,52,107.6,Two-Year,,5595.2,No,1
274,275,35,1,10,58.25,One-Year,,582.5,No,1
275,276,49,0,47,78.42,One-Year,DSL,3685.74,Yes,0
276,277,46,1,7,105.61,Month-to-Month,,739.27,No,1
277,278,38,1,12,119.05,One-Year,Fiber Optic,1428.6,No,1
278,279,45,0,5,110.06,One-Year,Fiber Optic,550.3,Yes,1
279,280,41,0,20,63.43,Month-to-Month,DSL,1268.6,No,1
280,281,46,0,77,47.56,Month-to-Month,Fiber Optic,3662.12,No,1
281,282,51,1,18,74.05,Month-to-Month,,1332.9,No,1
282,283,60,1,8,96.75,Two-Year,,774.0,No,1
283,284,32,1,20,74.33,One-Year,Fiber Optic,1486.6,Yes,0
284,285,66,0,2,73.49,Two-Year,DSL,146.98,No,1
285,286,25,0,43,105.44,Month-to-Month,Fiber Optic,4533.92,No,1
286,287,43,1,13,62.53,One-Year,,812.89,No,1
287,288,50,1,11,107.38,One-Year,,1181.1799999999998,No,1
288,289,47,1,17,66.61,One-Year,Fiber Optic,1132.37,Yes,0
289,290,38,0,19,59.54,Two-Year,DSL,1131.26,Yes,0
290,291,42,1,1,70.86,Month-to-Month,Fiber Optic,70.86,Yes,1
291,292,40,0,22,98.62,Month-to-Month,Fiber Optic,2169.6400000000003,Yes,1
292,293,39,0,5,41.34,One-Year,,206.7,No,1
293,294,53,1,25,47.68,One-Year,Fiber Optic,1192.0,No,1
294,295,48,1,34,115.63,One-Year,Fiber Optic,3931.42,Yes,1
295,296,38,1,32,45.79,Month-to-Month,Fiber Optic,1465.28,Yes,1
296,297,53,0,16,81.1,One-Year,DSL,1297.6,Yes,0
297,298,48,0,14,82.14,Month-to-Month,,1149.96,No,1
298,299,53,1,3,74.07,Month-to-Month,Fiber Optic,222.21,No,1
299,300,51,1,29,88.03,One-Year,Fiber Optic,2552.87,Yes,0
300,301,36,0,6,50.68,One-Year,Fiber Optic,304.08,Yes,1
301,302,39,0,13,79.74,Month-to-Month,Fiber Optic,1036.62,Yes,1
302,303,52,0,6,63.5,Month-to-Month,Fiber Optic,381.0,No,1
303,304,51,1,2,89.55,Month-to-Month,,179.1,No,1
304,305,44,0,19,42.71,Month-to-Month,DSL,811.49,Yes,1
305,306,46,0,1,81.38,One-Year,Fiber Optic,81.38,Yes,1
306,307,57,0,27,46.67,Two-Year,DSL,1260.09,Yes,0
307,308,39,0,7,55.08,Month-to-Month,Fiber Optic,385.56,No,1
308,309,50,0,0,49.68,One-Year,DSL,0.0,Yes,1
309,310,42,1,14,46.46,Two-Year,Fiber Optic,650.44,Yes,0
310,311,42,0,0,104.31,Two-Year,,0.0,No,1
311,312,55,1,6,55.71,Month-to-Month,,334.26,No,1
312,313,53,0,24,113.44,Two-Year,Fiber Optic,2722.56,No,1
313,314,53,1,1,117.29,Month-to-Month,Fiber Optic,117.29,Yes,1
314,315,58,1,36,81.41,Month-to-Month,DSL,2930.76,No,1
315,316,45,1,0,42.87,Month-to-Month,Fiber Optic,0.0,No,1
316,317,51,1,5,63.71,Month-to-Month,,318.55,No,1
317,318,41,0,27,101.8,Month-to-Month,DSL,2748.6,Yes,1
318,319,48,0,7,63.07,Month-to-Month,Fiber Optic,441.49,Yes,1
319,320,43,1,2,37.83,Month-to-Month,,75.66,No,1
320,321,45,1,8,80.11,Two-Year,,640.88,No,1
321,322,50,1,6,106.06,Two-Year,DSL,636.36,Yes,1
322,323,36,1,36,101.63,Month-to-Month,Fiber Optic,3658.68,Yes,1
323,324,65,1,7,45.76,Two-Year,DSL,320.32,No,1
324,325,34,0,31,90.55,Two-Year,DSL,2807.05,Yes,0
325,326,32,0,44,49.85,One-Year,,2193.4,No,1
326,327,56,1,11,49.64,Month-to-Month,,546.04,No,1
327,328,52,1,48,108.67,One-Year,,5216.16,No,1
328,329,51,0,9,52.47,Two-Year,DSL,472.23,No,1
329,330,51,1,66,53.69,One-Year,,3543.54,No,1
330,331,44,0,1,30.06,Month-to-Month,Fiber Optic,30.06,No,1
331,332,36,1,23,108.36,One-Year,Fiber Optic,2492.28,Yes,1
332,333,45,0,13,101.33,One-Year,Fiber Optic,1317.29,Yes,1
333,334,38,0,9,86.46,One-Year,DSL,778.14,Yes,1
334,335,54,1,20,97.52,Month-to-Month,,1950.4,No,1
335,336,43,0,24,43.68,Month-to-Month,Fiber Optic,1048.32,Yes,1
336,337,36,1,0,71.25,Two-Year,DSL,0.0,Yes,1
337,338,41,1,3,61.61,Two-Year,DSL,184.83,Yes,1
338,339,49,1,24,38.44,Month-to-Month,DSL,922.56,Yes,1
339,340,39,0,21,73.75,Two-Year,DSL,1548.75,Yes,0
340,341,36,0,67,112.87,Month-to-Month,Fiber Optic,7562.29,No,1
341,342,47,0,28,33.61,One-Year,,941.08,No,1
342,343,47,1,60,56.23,One-Year,DSL,3373.8,Yes,0
343,344,39,1,24,48.68,Two-Year,DSL,1168.32,Yes,0
344,345,40,1,7,51.43,Two-Year,Fiber Optic,360.01,No,1
345,346,47,1,2,111.76,Month-to-Month,,223.52,No,1
346,347,30,1,30,72.13,Two-Year,Fiber Optic,2163.9,Yes,0
347,348,30,1,20,71.97,Month-to-Month,Fiber Optic,1439.4,No,1
348,349,37,0,0,98.45,One-Year,Fiber Optic,0.0,Yes,1
349,350,42,1,8,43.9,One-Year,DSL,351.2,Yes,1
350,351,48,0,62,73.85,One-Year,DSL,4578.7,No,1
351,352,59,1,13,68.7,Month-to-Month,,893.1,No,1
352,353,53,1,11,83.72,Two-Year,Fiber Optic,920.92,Yes,1
353,354,43,1,12,119.96,Month-to-Month,Fiber Optic,1439.52,No,1
354,355,44,0,4,99.25,Month-to-Month,,397.0,No,1
355,356,34,0,9,65.81,One-Year,Fiber Optic,592.29,No,1
356,357,44,0,9,104.48,Month-to-Month,DSL,940.32,Yes,1
357,358,42,0,1,45.36,Two-Year,Fiber Optic,45.36,Yes,1
358,359,48,0,29,32.74,Month-to-Month,DSL,949.46,Yes,1
359,360,36,1,10,48.4,Month-to-Month,DSL,484.0,Yes,1
360,361,50,1,34,60.64,Two-Year,Fiber Optic,2061.76,Yes,0
361,362,60,0,37,75.95,One-Year,,2810.15,No,1
362,363,43,0,4,85.36,Month-to-Month,,341.44,No,1
363,364,49,0,21,111.95,One-Year,Fiber Optic,2350.9500000000003,Yes,1
364,365,51,1,12,75.89,One-Year,DSL,910.68,Yes,0
365,366,40,1,42,75.11,One-Year,DSL,3154.62,Yes,0
366,367,47,1,4,34.52,Month-to-Month,,138.08,No,1
367,368,45,1,22,33.14,Two-Year,Fiber Optic,729.08,No,1
368,369,45,1,18,79.6,Two-Year,Fiber Optic,1432.8,No,1
369,370,37,1,6,69.44,One-Year,,416.64,No,1
370,371,45,0,2,105.53,Month-to-Month,,211.06,No,1
371,372,49,1,21,44.46,Two-Year,,933.66,No,1
372,373,59,0,26,32.25,One-Year,DSL,838.5,Yes,0
373,374,54,1,7,70.41,One-Year,,492.87,No,1
374,375,66,0,20,51.37,Month-to-Month,,1027.4,No,1
375,376,37,1,10,34.47,Two-Year,DSL,344.7,No,1
376,377,53,1,24,95.21,One-Year,Fiber Optic,2285.04,Yes,0
377,378,46,1,4,40.04,Month-to-Month,Fiber Optic,160.16,Yes,1
378,379,66,1,44,84.75,Month-to-Month,,3729.0,No,1
379,380,36,0,6,55.29,Two-Year,DSL,331.74,No,1
380,381,36,0,9,45.61,Month-to-Month,Fiber Optic,410.49,Yes,1
381,382,39,0,1,64.18,Two-Year,DSL,64.18,Yes,1
382,383,23,0,2,102.13,One-Year,,204.26,No,1
383,384,39,1,14,65.29,One-Year,DSL,914.06,Yes,0
384,385,37,0,6,97.57,Month-to-Month,DSL,585.42,Yes,1
385,386,46,1,36,41.29,Month-to-Month,Fiber Optic,1486.44,Yes,1
386,387,48,1,0,99.55,Two-Year,,0.0,No,1
387,388,63,1,9,51.32,Month-to-Month,DSL,461.88,Yes,1
388,389,54,0,8,90.97,One-Year,DSL,727.76,Yes,1
389,390,39,1,0,80.92,Month-to-Month,,0.0,No,1
390,391,36,1,2,113.62,Month-to-Month,Fiber Optic,227.24,Yes,1
391,392,49,1,10,64.86,Month-to-Month,,648.6,No,1
392,393,31,1,13,35.95,One-Year,DSL,467.35,Yes,0
393,394,63,1,10,31.72,Two-Year,Fiber Optic,317.2,Yes,1
394,395,56,0,15,104.42,Month-to-Month,DSL,1566.3,No,1
395,396,40,1,18,77.23,Month-to-Month,DSL,1390.14,Yes,1
396,397,27,0,0,99.77,Month-to-Month,Fiber Optic,0.0,Yes,1
397,398,58,0,12,51.1,One-Year,Fiber Optic,613.2,No,1
398,399,43,0,66,61.06,Month-to-Month,,4029.96,No,1
399,400,57,0,14,32.71,Two-Year,Fiber Optic,457.94,No,1
400,401,29,0,22,116.53,One-Year,Fiber Optic,2563.66,Yes,1
401,402,39,0,7,90.11,One-Year,Fiber Optic,630.77,Yes,1
402,403,45,1,29,113.99,Month-to-Month,,3305.71,No,1
403,404,45,1,29,53.89,Two-Year,DSL,1562.81,Yes,0
404,405,40,1,14,85.03,Month-to-Month,DSL,1190.42,Yes,1
405,406,51,0,74,91.06,Month-to-Month,Fiber Optic,6738.4400000000005,No,1
406,407,34,0,2,58.58,One-Year,Fiber Optic,117.16,Yes,1
407,408,43,1,0,106.33,One-Year,DSL,0.0,Yes,1
408,409,46,0,29,115.24,Month-to-Month,,3341.96,No,1
409,410,50,0,32,109.64,Month-to-Month,DSL,3508.48,No,1
410,411,52,1,2,96.52,One-Year,,193.04,No,1
411,412,33,0,6,54.97,Month-to-Month,DSL,329.82,Yes,1
412,413,29,1,0,55.35,Two-Year,Fiber Optic,0.0,Yes,1
413,414,57,1,6,116.7,One-Year,,700.2,No,1
414,415,48,0,29,30.93,Month-to-Month,DSL,896.97,Yes,1
415,416,37,0,14,94.44,Month-to-Month,,1322.16,No,1
416,417,60,1,8,93.56,Month-to-Month,Fiber Optic,748.48,No,1
417,418,46,0,9,86.04,One-Year,,774.36,No,1
418,419,56,0,0,119.11,One-Year,Fiber Optic,0.0,No,1
419,420,45,1,7,58.07,Month-to-Month,Fiber Optic,406.49,Yes,1
420,421,65,0,20,60.6,One-Year,DSL,1212.0,Yes,0
421,422,62,1,73,37.1,Two-Year,Fiber Optic,2708.3,Yes,0
422,423,42,1,37,69.85,Month-to-Month,DSL,2584.45,Yes,1
423,424,54,0,0,53.49,Two-Year,DSL,0.0,Yes,1
424,425,51,0,45,60.9,Month-to-Month,DSL,2740.5,No,1
425,426,58,0,30,105.11,Month-to-Month,Fiber Optic,3153.3,Yes,1
426,427,35,0,30,114.19,Month-to-Month,,3425.7,No,1
427,428,51,0,12,46.72,Month-to-Month,DSL,560.64,Yes,1
428,429,55,1,10,63.53,Month-to-Month,DSL,635.3,Yes,1
429,430,27,0,7,113.58,Month-to-Month,Fiber Optic,795.06,Yes,1
430,431,33,1,1,35.56,Two-Year,DSL,35.56,Yes,1
431,432,24,1,5,38.31,Two-Year,DSL,191.55,Yes,1
432,433,42,1,5,44.65,One-Year,DSL,223.25,No,1
433,434,52,1,13,83.57,Month-to-Month,,1086.41,No,1
434,435,60,0,27,43.54,Month-to-Month,,1175.58,No,1
435,436,45,1,12,117.13,Month-to-Month,Fiber Optic,1405.56,Yes,1
436,437,61,1,1,70.2,One-Year,Fiber Optic,70.2,No,1
437,438,31,0,63,75.14,Two-Year,Fiber Optic,4733.82,Yes,0
438,439,27,0,57,52.2,Month-to-Month,Fiber Optic,2975.4,Yes,1
439,440,44,1,30,72.39,Month-to-Month,Fiber Optic,2171.7,Yes,1
440,441,48,0,94,89.57,One-Year,Fiber Optic,8419.58,No,1
441,442,44,0,15,97.61,Month-to-Month,DSL,1464.15,Yes,1
442,443,24,0,65,97.85,Month-to-Month,DSL,6360.25,Yes,1
443,444,44,0,1,82.01,One-Year,Fiber Optic,82.01,No,1
444,445,31,1,9,111.39,One-Year,,1002.51,No,1
445,446,51,1,5,103.57,Month-to-Month,Fiber Optic,517.8499999999999,Yes,1
446,447,48,1,4,98.13,Month-to-Month,,392.52,No,1
447,448,35,0,3,35.0,Two-Year,,105.0,No,1
448,449,39,0,19,30.62,Month-to-Month,DSL,581.78,Yes,1
449,450,34,1,30,49.12,Month-to-Month,Fiber Optic,1473.6,No,1
450,451,44,0,17,89.72,Month-to-Month,Fiber Optic,1525.24,Yes,1
451,452,54,0,3,67.01,Month-to-Month,,201.03000000000003,No,1
452,453,35,1,33,66.22,Month-to-Month,,2185.26,No,1
453,454,50,0,20,109.61,Two-Year,Fiber Optic,2192.2,Yes,1
454,455,39,1,9,110.6,Month-to-Month,DSL,995.4,Yes,1
455,456,37,0,22,111.83,Month-to-Month,,2460.26,No,1
456,457,43,0,6,58.25,One-Year,DSL,349.5,Yes,1
457,458,34,0,8,92.2,One-Year,,737.6,No,1
458,459,39,1,49,54.45,Two-Year,,2668.05,No,1
459,460,33,1,6,47.15,Two-Year,Fiber Optic,282.9,Yes,1
460,461,64,1,12,46.62,Month-to-Month,Fiber Optic,559.4399999999999,No,1
461,462,45,1,44,60.79,One-Year,Fiber Optic,2674.76,Yes,0
462,463,38,0,24,68.7,Month-to-Month,Fiber Optic,1648.8000000000002,No,1
463,464,47,1,1,104.79,Two-Year,Fiber Optic,104.79,Yes,1
464,465,43,0,3,40.79,Month-to-Month,,122.37,No,1
465,466,42,1,0,96.14,Two-Year,,0.0,No,1
466,467,51,0,19,77.83,One-Year,,1478.77,No,1
467,468,52,1,11,55.92,Month-to-Month,DSL,615.12,Yes,1
468,469,39,0,2,74.35,One-Year,,148.7,No,1
469,470,39,0,63,56.99,Two-Year,,3590.3700000000003,No,1
470,471,42,1,15,83.65,Two-Year,DSL,1254.75,No,1
471,472,21,0,5,69.05,Month-to-Month,DSL,345.25,Yes,1
472,473,29,0,13,44.8,One-Year,DSL,582.4,No,1
473,474,58,0,22,40.49,Month-to-Month,,890.7800000000001,No,1
474,475,61,0,1,79.2,Month-to-Month,Fiber Optic,79.2,Yes,1
475,476,42,1,6,111.22,Month-to-Month,,667.3199999999999,No,1
476,477,50,1,32,60.96,Month-to-Month,DSL,1950.72,Yes,1
477,478,48,1,12,95.97,Two-Year,,1151.64,No,1
478,479,75,1,15,89.28,Month-to-Month,DSL,1339.2,Yes,1
479,480,56,0,11,113.84,Two-Year,Fiber Optic,1252.24,Yes,1
480,481,43,1,0,103.89,Month-to-Month,Fiber Optic,0.0,No,1
481,482,35,0,3,80.99,Month-to-Month,DSL,242.97,Yes,1
482,483,28,0,11,89.13,Month-to-Month,,980.43,No,1
483,484,47,1,4,110.85,Month-to-Month,DSL,443.4,Yes,1
484,485,37,0,1,65.96,Month-to-Month,Fiber Optic,65.96,Yes,1
485,486,30,1,37,59.41,Month-to-Month,Fiber Optic,2198.17,Yes,1
486,487,38,0,79,30.97,One-Year,Fiber Optic,2446.63,Yes,0
487,488,34,1,31,104.39,Month-to-Month,DSL,3236.09,Yes,1
488,489,61,1,38,102.09,Month-to-Month,DSL,3879.42,No,1
489,490,53,1,5,39.4,Month-to-Month,,197.0,No,1
490,491,44,1,64,81.92,Two-Year,DSL,5242.88,No,1
491,492,59,1,4,71.76,Two-Year,,287.04,No,1
492,493,45,0,60,40.68,Month-to-Month,,2440.8,No,1
493,494,36,1,105,118.25,Month-to-Month,DSL,12416.25,Yes,1
494,495,60,0,24,49.32,Month-to-Month,DSL,1183.68,No,1
495,496,50,1,79,36.05,Two-Year,Fiber Optic,2847.95,Yes,0
496,497,34,1,16,83.54,Month-to-Month,,1336.64,No,1
497,498,43,1,6,96.5,Month-to-Month,,579.0,No,1
498,499,36,0,11,32.92,Month-to-Month,Fiber Optic,362.12,Yes,1
499,500,31,0,18,89.28,Month-to-Month,,1607.04,No,1
500,501,54,1,1,77.91,Month-to-Month,DSL,77.91,No,1
501,502,64,0,19,39.29,One-Year,,746.51,No,1
502,503,31,0,79,45.53,Month-to-Month,,3596.87,No,1
503,504,50,0,4,81.12,One-Year,DSL,324.48,Yes,1
504,505,38,1,31,56.67,Month-to-Month,DSL,1756.77,Yes,1
505,506,40,1,47,114.45,Month-to-Month,DSL,5379.150000000001,Yes,1
506,507,39,0,57,103.69,Two-Year,DSL,5910.33,Yes,1
507,508,36,0,64,118.52,Month-to-Month,,7585.28,No,1
508,509,45,0,14,53.37,Two-Year,Fiber Optic,747.18,Yes,0
509,510,36,1,75,117.28,One-Year,DSL,8796.0,No,1
510,511,47,1,28,68.81,Month-to-Month,Fiber Optic,1926.68,No,1
511,512,44,0,3,61.28,Two-Year,,183.84,No,1
512,513,42,0,12,34.53,Month-to-Month,Fiber Optic,414.36,Yes,1
513,514,35,0,25,34.75,Two-Year,Fiber Optic,868.75,Yes,0
514,515,39,1,5,92.28,Month-to-Month,DSL,461.4,No,1
515,516,52,1,20,71.21,Two-Year,,1424.1999999999998,No,1
516,517,50,0,21,50.39,Month-to-Month,,1058.19,No,1
517,518,35,0,3,85.26,One-Year,DSL,255.78000000000003,No,1
518,519,45,0,16,52.76,One-Year,DSL,844.16,Yes,0
519,520,52,1,29,81.99,Two-Year,DSL,2377.71,Yes,0
520,521,28,0,13,62.33,Two-Year,DSL,810.29,Yes,0
521,522,50,1,0,104.12,Two-Year,Fiber Optic,0.0,No,1
522,523,38,1,0,103.86,Two-Year,,0.0,No,1
523,524,50,0,8,72.96,Month-to-Month,Fiber Optic,583.68,No,1
524,525,37,0,52,61.57,Month-to-Month,,3201.64,No,1
525,526,26,0,5,62.63,Month-to-Month,Fiber Optic,313.15000000000003,Yes,1
526,527,28,1,20,102.51,Month-to-Month,,2050.2000000000003,No,1
527,528,45,1,5,59.54,Month-to-Month,,297.7,No,1
528,529,47,1,7,48.82,One-Year,DSL,341.74,Yes,1
529,530,35,1,37,37.62,Month-to-Month,Fiber Optic,1391.9399999999998,No,1
530,531,51,0,26,72.0,One-Year,Fiber Optic,1872.0,Yes,0
531,532,28,1,2,73.39,Month-to-Month,DSL,146.78,Yes,1
532,533,44,1,11,105.68,Month-to-Month,Fiber Optic,1162.48,Yes,1
533,534,32,0,0,49.91,One-Year,Fiber Optic,0.0,Yes,1
534,535,38,1,13,64.29,One-Year,,835.7700000000001,No,1
535,536,45,1,21,102.76,One-Year,Fiber Optic,2157.96,Yes,1
536,537,36,1,2,104.13,One-Year,,208.26,No,1
537,538,41,1,6,64.61,Month-to-Month,Fiber Optic,387.66,No,1
538,539,55,1,10,71.32,One-Year,,713.1999999999999,No,1
539,540,39,1,50,57.3,Month-to-Month,Fiber Optic,2865.0,Yes,1
540,541,53,0,99,113.93,Month-to-Month,,11279.070000000002,No,1
541,542,33,0,0,40.68,Month-to-Month,Fiber Optic,0.0,Yes,1
542,543,50,1,28,114.04,Month-to-Month,Fiber Optic,3193.1200000000003,Yes,1
543,544,59,0,9,91.55,Month-to-Month,Fiber Optic,823.9499999999999,No,1
544,545,20,0,9,77.84,Two-Year,Fiber Optic,700.5600000000001,No,1
545,546,37,0,28,32.94,Two-Year,DSL,922.32,Yes,0
546,547,50,0,50,72.8,Month-to-Month,DSL,3640.0,Yes,1
547,548,42,1,60,66.7,Month-to-Month,DSL,4002.0,Yes,1
548,549,48,1,17,44.51,Month-to-Month,,756.67,No,1
549,550,38,0,8,89.08,Month-to-Month,DSL,712.64,Yes,1
550,551,45,0,30,117.4,Two-Year,DSL,3522.0,Yes,1
551,552,43,0,5,80.6,Month-to-Month,,403.0,No,1
552,553,56,1,16,94.33,One-Year,Fiber Optic,1509.28,Yes,0
553,554,47,1,8,36.16,Month-to-Month,Fiber Optic,289.28,Yes,1
554,555,48,0,21,67.59,Two-Year,DSL,1419.39,Yes,0
555,556,40,1,5,40.47,Month-to-Month,,202.35,No,1
556,557,40,1,4,85.15,One-Year,,340.6,No,1
557,558,40,1,50,114.46,Month-to-Month,,5723.0,No,1
558,559,48,1,2,89.56,One-Year,Fiber Optic,179.12,Yes,1
559,560,40,0,14,36.91,Month-to-Month,,516.74,No,1
560,561,47,1,4,61.92,Month-to-Month,DSL,247.68,Yes,1
561,562,65,0,0,79.56,Two-Year,DSL,0.0,Yes,1
562,563,53,1,0,66.29,Two-Year,DSL,0.0,No,1
563,564,41,1,3,105.03,Two-Year,Fiber Optic,315.09000000000003,Yes,1
564,565,57,1,40,103.32,One-Year,Fiber Optic,4132.799999999999,Yes,1
565,566,40,1,6,85.06,Two-Year,Fiber Optic,510.36,No,1
566,567,24,0,60,63.61,Month-to-Month,DSL,3816.6,No,1
567,568,34,1,17,52.98,Month-to-Month,Fiber Optic,900.66,Yes,1
568,569,26,1,11,39.53,Month-to-Month,,434.83,No,1
569,570,41,1,17,61.94,One-Year,Fiber Optic,1052.98,Yes,0
570,571,45,0,14,67.19,Month-to-Month,,940.66,No,1
571,572,61,0,28,90.82,Month-to-Month,DSL,2542.96,Yes,1
572,573,48,0,6,89.23,One-Year,,535.38,No,1
573,574,42,1,8,36.31,Two-Year,Fiber Optic,290.48,No,1
574,575,53,1,44,65.57,Month-to-Month,DSL,2885.08,Yes,1
575,576,22,0,58,46.36,Month-to-Month,DSL,2688.88,Yes,1
576,577,47,1,44,44.11,Month-to-Month,Fiber Optic,1940.84,Yes,1
577,578,52,1,10,104.46,Month-to-Month,,1044.6,No,1
578,579,30,1,30,33.77,Month-to-Month,Fiber Optic,1013.1,No,1
579,580,56,1,12,67.73,One-Year,DSL,812.76,Yes,0
580,581,48,1,13,45.14,One-Year,,586.82,No,1
581,582,40,1,4,109.14,One-Year,Fiber Optic,436.56,Yes,1
582,583,51,0,17,80.13,Month-to-Month,Fiber Optic,1362.21,No,1
583,584,67,1,4,50.82,Two-Year,Fiber Optic,203.28,Yes,1
584,585,46,1,8,75.22,Month-to-Month,DSL,601.76,No,1
585,586,47,1,38,95.83,Month-to-Month,Fiber Optic,3641.54,Yes,1
586,587,40,1,4,116.23,Two-Year,Fiber Optic,464.92,Yes,1
587,588,36,1,1,49.84,Month-to-Month,,49.84,No,1
588,589,53,0,1,109.76,Month-to-Month,Fiber Optic,109.76,No,1
589,590,36,0,56,114.09,Two-Year,Fiber Optic,6389.04,No,1
590,591,45,0,14,112.48,Month-to-Month,Fiber Optic,1574.72,Yes,1
591,592,40,0,10,87.19,One-Year,,871.9,No,1
592,593,49,1,33,86.68,Month-to-Month,,2860.44,No,1
593,594,48,1,36,66.29,One-Year,Fiber Optic,2386.44,Yes,0
594,595,55,0,8,97.72,Month-to-Month,,781.76,No,1
595,596,39,0,23,77.82,Month-to-Month,Fiber Optic,1789.86,No,1
596,597,42,1,29,90.97,One-Year,Fiber Optic,2638.13,No,1
597,598,35,0,21,68.56,Month-to-Month,DSL,1439.76,Yes,1
598,599,40,1,3,95.83,Month-to-Month,Fiber Optic,287.49,Yes,1
599,600,48,1,41,104.2,Month-to-Month,DSL,4272.2,No,1
600,601,52,1,15,43.18,Month-to-Month,,647.7,No,1
601,602,35,0,6,104.96,Month-to-Month,Fiber Optic,629.76,Yes,1
602,603,53,0,11,78.63,Month-to-Month,,864.93,No,1
603,604,58,1,0,106.02,Two-Year,Fiber Optic,0.0,Yes,1
604,605,49,1,2,68.82,Month-to-Month,Fiber Optic,137.64,Yes,1
605,606,63,0,29,64.11,Month-to-Month,Fiber Optic,1859.19,Yes,1
606,607,37,1,0,112.36,Month-to-Month,DSL,0.0,Yes,1
607,608,32,0,10,52.61,Month-to-Month,Fiber Optic,526.1,Yes,1
608,609,27,1,14,105.98,Two-Year,DSL,1483.72,Yes,1
609,610,59,0,1,73.56,Month-to-Month,Fiber Optic,73.56,Yes,1
610,611,51,1,72,76.27,Two-Year,Fiber Optic,5491.44,Yes,0
611,612,44,0,5,57.76,Month-to-Month,,288.8,No,1
612,613,47,0,7,81.57,One-Year,DSL,570.99,No,1
613,614,33,0,7,59.27,One-Year,DSL,414.89,Yes,1
614,615,69,0,5,33.53,Two-Year,Fiber Optic,167.65,Yes,1
615,616,46,1,0,54.48,One-Year,,0.0,No,1
616,617,46,1,26,30.57,One-Year,,794.82,No,1
617,618,52,0,68,118.05,Month-to-Month,Fiber Optic,8027.4,Yes,1
618,619,49,0,5,116.92,Month-to-Month,Fiber Optic,584.6,Yes,1
619,620,47,1,21,65.56,Two-Year,DSL,1376.76,Yes,0
620,621,37,1,27,95.55,Month-to-Month,,2579.85,No,1
621,622,49,1,37,61.12,Month-to-Month,Fiber Optic,2261.44,No,1
622,623,63,0,10,90.4,One-Year,DSL,904.0,Yes,1
623,624,58,0,7,102.49,Month-to-Month,Fiber Optic,717.43,Yes,1
624,625,60,1,7,115.21,Two-Year,DSL,806.4699999999999,No,1
625,626,39,0,24,66.02,One-Year,,1584.48,No,1
626,627,35,1,33,100.5,One-Year,DSL,3316.5,Yes,1
627,628,43,0,4,53.93,Two-Year,Fiber Optic,215.72,Yes,1
628,629,45,1,9,119.13,Month-to-Month,DSL,1072.17,Yes,1
629,630,55,0,46,32.32,Month-to-Month,,1486.72,No,1
630,631,28,1,32,84.32,Month-to-Month,,2698.24,No,1
631,632,60,1,83,89.36,Month-to-Month,Fiber Optic,7416.88,Yes,1
632,633,43,1,28,91.92,One-Year,Fiber Optic,2573.76,Yes,0
633,634,40,0,9,40.83,Two-Year,,367.47,No,1
634,635,34,1,17,114.47,Month-to-Month,DSL,1945.99,Yes,1
635,636,28,1,21,46.31,Month-to-Month,Fiber Optic,972.51,Yes,1
636,637,53,1,1,86.05,Two-Year,DSL,86.05,Yes,1
637,638,45,1,15,50.04,Month-to-Month,,750.6,No,1
638,639,32,1,24,57.65,Month-to-Month,Fiber Optic,1383.6,No,1
639,640,32,1,3,79.18,Month-to-Month,,237.54,No,1
640,641,41,0,30,67.55,Two-Year,Fiber Optic,2026.5,Yes,0
641,642,61,1,17,44.42,One-Year,DSL,755.14,No,1
642,643,42,1,60,45.38,One-Year,DSL,2722.8,Yes,0
643,644,29,0,0,67.63,Two-Year,DSL,0.0,Yes,1
644,645,42,0,6,98.16,Month-to-Month,Fiber Optic,588.96,No,1
645,646,42,0,18,110.82,Month-to-Month,DSL,1994.76,No,1
646,647,18,1,7,37.57,Two-Year,DSL,262.99,Yes,1
647,648,44,1,25,65.38,Month-to-Month,,1634.5,No,1
648,649,42,1,28,39.02,One-Year,,1092.5600000000002,No,1
649,650,51,1,2,31.49,Two-Year,Fiber Optic,62.98,No,1
650,651,63,0,14,89.55,One-Year,Fiber Optic,1253.7,Yes,0
651,652,56,0,14,84.22,One-Year,DSL,1179.08,Yes,0
652,653,42,0,9,44.67,Two-Year,Fiber Optic,402.03,No,1
653,654,33,0,54,51.04,Two-Year,,2756.16,No,1
654,655,70,0,35,32.13,Month-to-Month,DSL,1124.5500000000002,No,1
655,656,45,0,23,105.15,Month-to-Month,DSL,2418.4500000000003,Yes,1
656,657,45,1,25,117.72,Month-to-Month,,2943.0,No,1
657,658,44,1,12,42.19,One-Year,Fiber Optic,506.28,Yes,0
658,659,46,1,50,50.83,Month-to-Month,DSL,2541.5,No,1
659,660,43,1,23,108.16,One-Year,Fiber Optic,2487.68,Yes,1
660,661,39,1,26,113.38,Month-to-Month,Fiber Optic,2947.88,Yes,1
661,662,39,0,39,67.77,One-Year,Fiber Optic,2643.03,Yes,0
662,663,44,1,6,34.56,Month-to-Month,,207.36,No,1
663,664,39,1,32,33.55,One-Year,,1073.6,No,1
664,665,37,0,4,81.66,One-Year,Fiber Optic,326.64,Yes,1
665,666,46,0,8,65.36,Month-to-Month,,522.88,No,1
666,667,42,1,8,32.58,Month-to-Month,Fiber Optic,260.64,No,1
667,668,60,0,76,82.49,One-Year,,6269.24,No,1
668,669,18,1,38,31.02,Month-to-Month,Fiber Optic,1178.76,Yes,1
669,670,55,1,24,100.86,Month-to-Month,,2420.64,No,1
670,671,57,0,25,57.58,Two-Year,,1439.5,No,1
671,672,24,0,16,33.62,One-Year,DSL,537.92,Yes,0
672,673,41,0,58,82.95,Two-Year,,4811.1,No,1
673,674,41,0,13,65.79,Month-to-Month,,855.2700000000001,No,1
674,675,30,0,9,117.64,Month-to-Month,,1058.76,No,1
675,676,37,1,3,78.98,Two-Year,DSL,236.94,Yes,1
676,677,33,0,30,54.77,One-Year,,1643.1,No,1
677,678,62,1,26,93.85,One-Year,,2440.1,No,1
678,679,54,0,9,54.43,Month-to-Month,DSL,489.87,Yes,1
679,680,57,1,0,111.38,Month-to-Month,,0.0,No,1
680,681,52,0,36,63.72,Month-to-Month,DSL,2293.92,No,1
681,682,33,0,0,79.49,Month-to-Month,DSL,0.0,No,1
682,683,39,1,24,34.55,Month-to-Month,Fiber Optic,829.1999999999999,No,1
683,684,49,1,70,68.35,Month-to-Month,Fiber Optic,4784.5,Yes,1
684,685,32,0,11,104.91,Two-Year,Fiber Optic,1154.01,Yes,1
685,686,52,1,5,102.51,Month-to-Month,DSL,512.5500000000001,Yes,1
686,687,42,0,24,50.19,One-Year,,1204.56,No,1
687,688,41,1,33,50.35,Two-Year,DSL,1661.55,No,1
688,689,52,0,15,103.56,One-Year,DSL,1553.4,No,1
689,690,49,0,68,113.74,Month-to-Month,DSL,7734.32,Yes,1
690,691,41,1,1,38.58,One-Year,Fiber Optic,38.58,Yes,1
691,692,56,1,14,70.51,One-Year,,987.14,No,1
692,693,34,0,25,60.37,One-Year,Fiber Optic,1509.25,Yes,0
693,694,51,1,39,108.36,One-Year,,4226.04,No,1
694,695,50,1,3,37.52,Two-Year,DSL,112.56,No,1
695,696,41,0,32,49.0,One-Year,Fiber Optic,1568.0,Yes,0
696,697,48,1,16,97.72,Month-to-Month,Fiber Optic,1563.52,Yes,1
697,698,32,0,10,34.62,One-Year,Fiber Optic,346.2,Yes,1
698,699,54,1,2,74.33,Month-to-Month,DSL,148.66,No,1
699,700,43,1,40,69.79,Two-Year,Fiber Optic,2791.6000000000004,Yes,0
700,701,39,1,3,60.1,Month-to-Month,Fiber Optic,180.3,Yes,1
701,702,55,0,7,65.51,Month-to-Month,,458.5700000000001,No,1
702,703,37,0,6,77.69,Two-Year,Fiber Optic,466.14,Yes,1
703,704,30,0,41,44.52,One-Year,DSL,1825.32,Yes,0
704,705,29,0,22,81.48,Month-to-Month,Fiber Optic,1792.5600000000002,Yes,1
705,706,51,0,31,102.49,Month-to-Month,DSL,3177.19,Yes,1
706,707,32,1,5,98.41,Two-Year,,492.05,No,1
707,708,62,0,19,43.85,Month-to-Month,Fiber Optic,833.15,No,1
708,709,24,0,16,43.43,Two-Year,DSL,694.88,Yes,0
709,710,61,1,35,54.14,Month-to-Month,,1894.9,No,1
710,711,47,0,47,62.5,One-Year,Fiber Optic,2937.5,Yes,0
711,712,44,1,0,66.76,Two-Year,DSL,0.0,Yes,1
712,713,39,0,22,91.17,Month-to-Month,Fiber Optic,2005.74,Yes,1
713,714,48,1,1,35.1,Month-to-Month,DSL,35.1,Yes,1
714,715,44,0,15,33.12,Month-to-Month,,496.8,No,1
715,716,56,0,6,65.27,One-Year,,391.62,No,1
716,717,46,1,7,92.74,One-Year,,649.18,No,1
717,718,46,0,8,47.41,One-Year,Fiber Optic,379.28,Yes,1
718,719,41,1,19,87.74,Month-to-Month,Fiber Optic,1667.06,Yes,1
719,720,44,0,8,53.38,Month-to-Month,,427.04,No,1
720,721,48,0,26,109.75,Month-to-Month,DSL,2853.5,Yes,1
721,722,27,1,10,110.61,Month-to-Month,Fiber Optic,1106.1,Yes,1
722,723,31,0,1,56.76,One-Year,Fiber Optic,56.76,Yes,1
723,724,52,1,30,50.7,Two-Year,DSL,1521.0,No,1
724,725,46,1,6,67.02,One-Year,Fiber Optic,402.12,Yes,1
725,726,43,1,11,51.65,Month-to-Month,,568.15,No,1
726,727,45,1,23,90.51,Two-Year,,2081.73,No,1
727,728,48,0,8,104.35,One-Year,DSL,834.8,No,1
728,729,39,0,1,90.58,Two-Year,DSL,90.58,Yes,1
729,730,37,0,9,104.19,One-Year,DSL,937.71,Yes,1
730,731,46,1,57,65.73,Month-to-Month,,3746.61,No,1
731,732,35,1,20,44.07,Month-to-Month,DSL,881.4,No,1
732,733,49,0,22,96.42,One-Year,,2121.24,No,1
733,734,27,1,20,62.44,Month-to-Month,DSL,1248.8,Yes,1
734,735,55,0,4,90.41,Month-to-Month,Fiber Optic,361.64,Yes,1
735,736,49,1,10,54.36,One-Year,Fiber Optic,543.6,Yes,1
736,737,47,0,27,37.31,One-Year,,1007.37,No,1
737,738,54,1,2,119.33,One-Year,DSL,238.66,Yes,1
738,739,61,1,6,44.06,Month-to-Month,Fiber Optic,264.36,Yes,1
739,740,55,0,6,118.96,Month-to-Month,DSL,713.76,No,1
740,741,26,0,11,117.96,One-Year,,1297.56,No,1
741,742,32,0,78,101.44,Two-Year,,7912.32,No,1
742,743,38,0,1,89.35,One-Year,DSL,89.35,Yes,1
743,744,45,0,14,82.0,Two-Year,,1148.0,No,1
744,745,50,1,3,107.95,One-Year,Fiber Optic,323.85,No,1
745,746,37,1,70,56.05,One-Year,DSL,3923.5,Yes,0
746,747,46,1,2,72.09,Month-to-Month,Fiber Optic,144.18,Yes,1
747,748,37,0,10,85.75,One-Year,DSL,857.5,Yes,1
748,749,38,1,26,67.01,One-Year,,1742.2600000000002,No,1
749,750,30,1,24,68.47,One-Year,,1643.28,No,1
750,751,35,0,10,59.73,Month-to-Month,DSL,597.3,No,1
751,752,31,1,8,80.78,One-Year,Fiber Optic,646.24,Yes,1
752,753,35,1,10,106.55,Month-to-Month,,1065.5,No,1
753,754,55,0,6,48.14,One-Year,,288.84000000000003,No,1
754,755,35,0,4,114.1,Month-to-Month,Fiber Optic,456.4,No,1
755,756,71,1,13,92.02,Two-Year,,1196.26,No,1
756,757,49,0,6,104.09,Month-to-Month,Fiber Optic,624.54,No,1
757,758,46,1,6,80.06,Month-to-Month,Fiber Optic,480.36,Yes,1
758,759,36,1,21,100.16,Month-to-Month,,2103.36,No,1
759,760,52,1,69,31.46,One-Year,Fiber Optic,2170.74,Yes,0
760,761,39,0,18,103.65,Month-to-Month,Fiber Optic,1865.7,No,1
761,762,46,0,1,33.61,Month-to-Month,Fiber Optic,33.61,Yes,1
762,763,70,1,1,110.09,One-Year,,110.09,No,1
763,764,44,1,60,119.28,Month-to-Month,,7156.8,No,1
764,765,56,0,7,56.47,Two-Year,Fiber Optic,395.29,No,1
765,766,37,1,1,48.93,Two-Year,Fiber Optic,48.93,Yes,1
766,767,44,1,18,98.88,One-Year,Fiber Optic,1779.84,Yes,0
767,768,62,0,19,52.77,Month-to-Month,Fiber Optic,1002.63,No,1
768,769,38,0,20,107.9,One-Year,DSL,2158.0,Yes,1
769,770,63,1,6,39.26,Month-to-Month,,235.56,No,1
770,771,52,0,0,41.34,Month-to-Month,Fiber Optic,0.0,Yes,1
771,772,39,0,67,118.12,Month-to-Month,Fiber Optic,7914.04,Yes,1
772,773,51,0,5,90.65,Two-Year,DSL,453.25,Yes,1
773,774,54,0,22,106.22,Month-to-Month,DSL,2336.84,Yes,1
774,775,51,1,24,59.19,One-Year,,1420.56,No,1
775,776,29,1,18,90.88,One-Year,Fiber Optic,1635.84,Yes,0
776,777,37,0,7,83.48,Month-to-Month,DSL,584.36,Yes,1
777,778,42,1,6,84.28,Month-to-Month,Fiber Optic,505.68,Yes,1
778,779,44,1,18,91.43,Two-Year,Fiber Optic,1645.7400000000002,Yes,0
779,780,51,1,40,81.78,One-Year,DSL,3271.2,Yes,0
780,781,46,0,58,68.62,One-Year,Fiber Optic,3979.96,Yes,0
781,782,31,0,2,54.83,Month-to-Month,Fiber Optic,109.66,Yes,1
782,783,48,1,3,99.17,Month-to-Month,Fiber Optic,297.51,Yes,1
783,784,51,1,57,50.36,Month-to-Month,Fiber Optic,2870.52,No,1
784,785,50,0,26,92.31,Month-to-Month,Fiber Optic,2400.06,Yes,1
785,786,55,0,42,51.0,Month-to-Month,,2142.0,No,1
786,787,53,0,4,86.28,Two-Year,Fiber Optic,345.12,Yes,1
787,788,49,1,17,97.24,Month-to-Month,DSL,1653.08,Yes,1
788,789,44,1,24,49.68,Month-to-Month,DSL,1192.32,Yes,1
789,790,28,1,22,35.39,One-Year,Fiber Optic,778.58,Yes,0
790,791,49,0,10,41.79,One-Year,,417.9,No,1
791,792,47,1,0,84.54,Month-to-Month,DSL,0.0,Yes,1
792,793,47,1,17,106.45,One-Year,,1809.65,No,1
793,794,32,0,5,34.05,Month-to-Month,DSL,170.25,Yes,1
794,795,34,1,11,96.07,Month-to-Month,Fiber Optic,1056.77,Yes,1
795,796,55,1,63,60.72,Month-to-Month,,3825.36,No,1
796,797,44,0,10,73.07,Two-Year,Fiber Optic,730.6999999999999,Yes,1
797,798,51,1,36,113.6,Month-to-Month,Fiber Optic,4089.6,Yes,1
798,799,45,0,4,59.88,Month-to-Month,DSL,239.52,Yes,1
799,800,45,1,22,71.88,Month-to-Month,,1581.36,No,1
800,801,54,1,75,31.23,Two-Year,DSL,2342.25,No,1
801,802,39,1,2,37.34,Month-to-Month,,74.68,No,1
802,803,45,1,0,53.27,Month-to-Month,DSL,0.0,Yes,1
803,804,40,0,11,32.51,Month-to-Month,,357.61,No,1
804,805,40,1,1,86.82,Month-to-Month,Fiber Optic,86.82,Yes,1
805,806,41,1,27,68.38,One-Year,,1846.26,No,1
806,807,47,0,49,79.33,One-Year,Fiber Optic,3887.17,No,1
807,808,40,1,11,45.72,Month-to-Month,,502.92,No,1
808,809,57,1,5,56.63,Month-to-Month,DSL,283.15000000000003,Yes,1
809,810,36,0,11,89.74,Month-to-Month,DSL,987.14,Yes,1
810,811,43,1,25,116.88,Month-to-Month,Fiber Optic,2922.0,Yes,1
811,812,40,1,0,34.54,Month-to-Month,DSL,0.0,Yes,1
812,813,59,0,17,110.13,One-Year,DSL,1872.21,No,1
813,814,46,1,19,81.92,Two-Year,,1556.48,No,1
814,815,55,0,20,80.75,Two-Year,,1615.0,No,1
815,816,30,0,5,75.03,Two-Year,Fiber Optic,375.15,No,1
816,817,47,0,25,36.25,One-Year,,906.25,No,1
817,818,53,1,1,38.09,One-Year,Fiber Optic,38.09,Yes,1
818,819,45,1,4,84.08,Month-to-Month,DSL,336.32,Yes,1
819,820,55,0,41,60.69,One-Year,,2488.29,No,1
820,821,39,0,26,112.55,Month-to-Month,Fiber Optic,2926.3,No,1
821,822,59,1,0,66.59,Month-to-Month,,0.0,No,1
822,823,67,0,5,42.9,One-Year,DSL,214.5,Yes,1
823,824,41,1,4,94.32,Month-to-Month,Fiber Optic,377.28,Yes,1
824,825,40,1,6,56.4,Month-to-Month,DSL,338.4,No,1
825,826,59,1,5,77.29,Two-Year,DSL,386.4500000000001,Yes,1
826,827,60,1,1,92.8,Month-to-Month,DSL,92.8,Yes,1
827,828,39,0,12,111.02,Month-to-Month,,1332.24,No,1
828,829,40,1,26,101.3,Two-Year,,2633.8,No,1
829,830,42,1,18,90.87,One-Year,,1635.66,No,1
830,831,31,1,22,91.17,One-Year,Fiber Optic,2005.74,Yes,0
831,832,35,0,1,115.13,Month-to-Month,Fiber Optic,115.13,Yes,1
832,833,34,1,60,56.62,Month-to-Month,DSL,3397.2,Yes,1
833,834,37,0,36,30.1,Two-Year,DSL,1083.6,No,1
834,835,44,0,32,54.48,One-Year,Fiber Optic,1743.36,Yes,0
835,836,47,0,34,49.61,One-Year,,1686.74,No,1
836,837,60,1,53,89.57,Month-to-Month,Fiber Optic,4747.21,Yes,1
837,838,35,1,15,87.03,Month-to-Month,DSL,1305.45,Yes,1
838,839,54,1,4,83.41,Two-Year,DSL,333.64,Yes,1
839,840,42,1,19,31.46,Month-to-Month,DSL,597.74,No,1
840,841,44,0,27,95.59,One-Year,Fiber Optic,2580.9300000000003,No,1
841,842,51,1,26,59.12,Month-to-Month,,1537.12,No,1
842,843,33,0,14,89.86,One-Year,Fiber Optic,1258.04,Yes,0
843,844,48,1,1,80.09,Two-Year,,80.09,No,1
844,845,46,1,9,60.85,One-Year,Fiber Optic,547.65,No,1
845,846,49,1,50,42.11,Month-to-Month,Fiber Optic,2105.5,Yes,1
846,847,47,1,17,38.5,One-Year,DSL,654.5,No,1
847,848,69,0,15,104.84,One-Year,,1572.6,No,1
848,849,38,0,6,112.66,Month-to-Month,,675.96,No,1
849,850,39,1,9,88.48,Two-Year,DSL,796.32,No,1
850,851,38,0,45,39.31,One-Year,Fiber Optic,1768.95,No,1
851,852,39,0,21,66.18,Two-Year,Fiber Optic,1389.7800000000002,Yes,0
852,853,38,1,30,95.6,One-Year,Fiber Optic,2868.0,Yes,0
853,854,56,1,12,100.18,Month-to-Month,,1202.16,No,1
854,855,59,0,19,40.64,Month-to-Month,Fiber Optic,772.16,No,1
855,856,39,0,5,30.0,Month-to-Month,Fiber Optic,150.0,Yes,1
856,857,36,1,24,94.09,Two-Year,DSL,2258.16,No,1
857,858,49,1,11,62.09,One-Year,DSL,682.99,No,1
858,859,39,0,11,52.9,One-Year,DSL,581.9,Yes,1
859,860,51,0,20,31.16,Month-to-Month,DSL,623.2,No,1
860,861,47,0,55,78.63,Month-to-Month,,4324.65,No,1
861,862,29,0,1,106.6,One-Year,,106.6,No,1
862,863,60,0,34,116.19,Month-to-Month,DSL,3950.46,Yes,1
863,864,62,1,6,80.92,Month-to-Month,,485.52,No,1
864,865,38,1,11,76.3,One-Year,DSL,839.3,No,1
865,866,41,1,0,37.66,Month-to-Month,Fiber Optic,0.0,Yes,1
866,867,47,0,7,79.4,Month-to-Month,DSL,555.8000000000001,Yes,1
867,868,48,1,13,64.2,Month-to-Month,Fiber Optic,834.6,Yes,1
868,869,51,0,1,84.64,Month-to-Month,DSL,84.64,No,1
869,870,65,1,13,64.99,Two-Year,Fiber Optic,844.8699999999999,Yes,0
870,871,43,1,52,51.63,Month-to-Month,Fiber Optic,2684.76,No,1
871,872,37,0,2,38.55,Month-to-Month,,77.1,No,1
872,873,31,1,28,58.34,Month-to-Month,DSL,1633.52,Yes,1
873,874,37,0,10,38.7,One-Year,DSL,387.0,Yes,1
874,875,44,1,21,45.92,Month-to-Month,DSL,964.32,Yes,1
875,876,62,0,6,118.86,One-Year,Fiber Optic,713.16,No,1
876,877,39,0,3,69.97,Month-to-Month,DSL,209.91,Yes,1
877,878,47,1,3,77.87,Month-to-Month,,233.61,No,1
878,879,44,0,1,108.63,Month-to-Month,Fiber Optic,108.63,Yes,1
879,880,56,1,4,119.6,Two-Year,Fiber Optic,478.4,Yes,1
880,881,70,0,21,82.44,Two-Year,Fiber Optic,1731.24,No,1
881,882,39,1,42,103.12,Month-to-Month,DSL,4331.04,No,1
882,883,40,1,33,59.42,One-Year,DSL,1960.86,Yes,0
883,884,55,1,23,57.52,Two-Year,Fiber Optic,1322.96,Yes,0
884,885,51,0,2,66.24,Month-to-Month,Fiber Optic,132.48,Yes,1
885,886,63,0,6,90.53,Two-Year,DSL,543.1800000000001,Yes,1
886,887,50,0,7,91.4,Month-to-Month,DSL,639.8000000000001,No,1
887,888,41,0,5,58.37,Two-Year,,291.85,No,1
888,889,50,1,14,41.99,One-Year,DSL,587.86,Yes,0
889,890,56,1,15,86.92,Two-Year,,1303.8,No,1
890,891,53,1,8,41.55,One-Year,,332.4,No,1
891,892,50,1,8,82.06,Month-to-Month,DSL,656.48,Yes,1
892,893,55,1,35,92.41,Two-Year,DSL,3234.35,Yes,0
893,894,56,1,31,93.06,Month-to-Month,DSL,2884.86,Yes,1
894,895,58,0,7,97.81,Month-to-Month,Fiber Optic,684.6700000000001,Yes,1
895,896,51,1,49,108.56,One-Year,Fiber Optic,5319.4400000000005,Yes,1
896,897,43,1,61,75.0,One-Year,,4575.0,No,1
897,898,46,1,7,95.72,Two-Year,,670.04,No,1
898,899,57,0,8,85.73,Month-to-Month,Fiber Optic,685.84,No,1
899,900,36,0,14,46.8,One-Year,DSL,655.1999999999999,Yes,0
900,901,48,0,56,32.31,One-Year,DSL,1809.36,Yes,0
901,902,41,1,41,55.61,Month-to-Month,,2280.01,No,1
902,903,45,1,2,69.87,Month-to-Month,DSL,139.74,No,1
903,904,57,0,9,85.54,Month-to-Month,DSL,769.86,No,1
904,905,46,1,16,106.5,Month-to-Month,,1704.0,No,1
905,906,45,0,13,47.66,Two-Year,Fiber Optic,619.5799999999999,Yes,0
906,907,31,0,4,41.3,One-Year,,165.2,No,1
907,908,52,0,39,116.71,One-Year,Fiber Optic,4551.69,Yes,1
908,909,51,1,22,39.72,Two-Year,DSL,873.8399999999999,No,1
909,910,66,1,36,73.06,Month-to-Month,,2630.16,No,1
910,911,41,0,39,82.7,Two-Year,DSL,3225.3,Yes,0
911,912,47,1,27,78.72,Month-to-Month,Fiber Optic,2125.44,Yes,1
912,913,47,0,11,37.74,Two-Year,Fiber Optic,415.14,Yes,1
913,914,60,1,18,35.13,Month-to-Month,DSL,632.34,No,1
914,915,44,1,3,39.49,Two-Year,Fiber Optic,118.47,Yes,1
915,916,47,1,22,82.7,Month-to-Month,DSL,1819.4,Yes,1
916,917,51,0,3,78.99,Month-to-Month,Fiber Optic,236.97,Yes,1
917,918,46,1,23,51.04,One-Year,Fiber Optic,1173.92,Yes,0
918,919,40,1,5,87.4,Month-to-Month,,437.0,No,1
919,920,46,0,2,103.81,One-Year,,207.62,No,1
920,921,55,1,3,33.74,Month-to-Month,DSL,101.22,Yes,1
921,922,34,0,0,74.83,One-Year,Fiber Optic,0.0,No,1
922,923,46,1,25,92.04,Month-to-Month,Fiber Optic,2301.0,No,1
923,924,37,0,26,52.71,Month-to-Month,DSL,1370.46,No,1
924,925,56,1,14,57.7,Month-to-Month,,807.8000000000001,No,1
925,926,29,1,3,85.23,Month-to-Month,,255.69,No,1
926,927,39,0,1,110.81,Month-to-Month,DSL,110.81,Yes,1
927,928,48,0,0,102.89,Month-to-Month,Fiber Optic,0.0,Yes,1
928,929,60,0,3,82.48,Month-to-Month,DSL,247.44,No,1
929,930,44,0,44,95.72,Month-to-Month,Fiber Optic,4211.68,No,1
930,931,39,0,5,62.83,One-Year,DSL,314.15,No,1
931,932,63,1,8,87.69,Two-Year,,701.52,No,1
932,933,30,0,2,71.96,Month-to-Month,,143.92,No,1
933,934,23,0,5,47.09,One-Year,Fiber Optic,235.45,Yes,1
934,935,49,1,14,93.16,One-Year,Fiber Optic,1304.24,Yes,0
935,936,39,0,18,80.08,Month-to-Month,,1441.44,No,1
936,937,34,1,5,62.28,One-Year,Fiber Optic,311.4,Yes,1
937,938,52,1,1,112.02,Month-to-Month,DSL,112.02,Yes,1
938,939,47,1,9,31.88,One-Year,Fiber Optic,286.92,Yes,1
939,940,39,1,5,58.42,Month-to-Month,,292.1,No,1
940,941,32,1,4,35.12,One-Year,Fiber Optic,140.48,Yes,1
941,942,53,0,64,98.99,One-Year,Fiber Optic,6335.36,No,1
942,943,51,0,19,93.19,Month-to-Month,,1770.61,No,1
943,944,44,0,16,59.82,Month-to-Month,,957.12,No,1
944,945,63,1,10,90.81,Two-Year,,908.1,No,1
945,946,34,0,11,65.63,Month-to-Month,DSL,721.93,No,1
946,947,29,1,15,98.06,One-Year,Fiber Optic,1470.9,Yes,0
947,948,38,1,23,70.88,Two-Year,,1630.2399999999998,No,1
948,949,44,1,24,67.11,One-Year,,1610.64,No,1
949,950,47,1,3,114.13,One-Year,Fiber Optic,342.39,Yes,1
950,951,42,0,13,52.58,One-Year,DSL,683.54,Yes,0
951,952,48,1,10,40.84,Two-Year,,408.4,No,1
952,953,32,1,40,82.61,Month-to-Month,,3304.4,No,1
953,954,59,0,19,117.24,Month-to-Month,DSL,2227.56,No,1
954,955,44,0,15,64.01,Month-to-Month,Fiber Optic,960.15,No,1
955,956,56,1,2,35.58,Two-Year,DSL,71.16,No,1
956,957,48,1,18,60.54,One-Year,Fiber Optic,1089.72,Yes,0
957,958,49,1,2,75.53,Month-to-Month,DSL,151.06,No,1
958,959,50,1,8,44.57,Two-Year,Fiber Optic,356.56,Yes,1
959,960,49,1,3,89.23,Month-to-Month,Fiber Optic,267.69,Yes,1
960,961,51,1,23,119.8,Month-to-Month,Fiber Optic,2755.4,Yes,1
961,962,58,0,4,70.66,One-Year,Fiber Optic,282.64,Yes,1
962,963,46,0,9,61.93,Month-to-Month,,557.37,No,1
963,964,52,0,45,66.06,Two-Year,DSL,2972.7000000000003,Yes,0
964,965,44,1,4,40.36,Month-to-Month,DSL,161.44,Yes,1
965,966,59,1,14,109.49,Two-Year,,1532.86,No,1
966,967,38,1,10,67.33,One-Year,DSL,673.3,Yes,1
967,968,63,0,0,64.85,Month-to-Month,,0.0,No,1
968,969,44,1,31,89.37,Two-Year,,2770.4700000000003,No,1
969,970,30,1,1,69.78,One-Year,Fiber Optic,69.78,Yes,1
970,971,46,1,12,88.34,Month-to-Month,,1060.08,No,1
971,972,38,1,16,35.53,Month-to-Month,DSL,568.48,Yes,1
972,973,53,0,19,103.24,Two-Year,Fiber Optic,1961.56,Yes,1
973,974,38,1,23,114.65,Month-to-Month,Fiber Optic,2636.9500000000003,Yes,1
974,975,40,0,5,88.39,Month-to-Month,Fiber Optic,441.95,Yes,1
975,976,26,0,0,115.91,Month-to-Month,,0.0,No,1
976,977,40,1,25,43.63,Month-to-Month,DSL,1090.75,Yes,1
977,978,20,1,15,72.97,One-Year,Fiber Optic,1094.55,Yes,0
978,979,29,1,36,84.16,Month-to-Month,Fiber Optic,3029.76,Yes,1
979,980,52,1,34,82.36,Month-to-Month,Fiber Optic,2800.24,No,1
980,981,52,1,37,66.13,Month-to-Month,DSL,2446.81,Yes,1
981,982,49,1,13,60.43,Month-to-Month,Fiber Optic,785.59,Yes,1
982,983,35,1,8,41.41,Two-Year,,331.28,No,1
983,984,44,0,31,65.26,Month-to-Month,DSL,2023.06,Yes,1
984,985,44,0,12,44.64,Two-Year,,535.6800000000001,No,1
985,986,33,0,4,96.09,Month-to-Month,Fiber Optic,384.36,Yes,1
986,987,60,0,38,48.79,Month-to-Month,,1854.02,No,1
987,988,53,0,42,35.27,Two-Year,,1481.34,No,1
988,989,42,0,12,79.71,Month-to-Month,DSL,956.52,Yes,1
989,990,45,0,1,83.57,One-Year,Fiber Optic,83.57,Yes,1
990,991,47,1,9,108.47,Two-Year,,976.23,No,1
991,992,24,0,32,81.93,Month-to-Month,Fiber Optic,2621.76,Yes,1
992,993,42,1,46,61.09,Month-to-Month,,2810.1400000000003,No,1
993,994,38,0,4,102.27,One-Year,Fiber Optic,409.08,No,1
994,995,34,1,1,78.63,Month-to-Month,DSL,78.63,No,1
995,996,42,0,41,37.14,Month-to-Month,Fiber Optic,1522.74,Yes,1
996,997,62,0,9,80.93,Month-to-Month,,728.3700000000001,No,1
997,998,51,1,15,111.72,Month-to-Month,Fiber Optic,1675.8,Yes,1
998,999,39,0,68,65.67,One-Year,,4465.56,No,1
999,1000,50,0,1,56.67,Month-to-Month,,56.67,No,1
